,Unnamed: 0,Title,Weekend Gross,Number of cinemas,Site average,Distributor,date,Film
0,15,Total,19899393.0,4599.0,4326.89562948467,,01012012,
0,15,,17645078.0,363.53333333333336,2445.467499007005,,01012017,Total
0,15,Total,10804819.0,4961.0,2177.951824228986,,01022009,
0,15,Total,14825707.0,,,,01022015,
0,15,Total,10744149.0,4915.0,2185.9916581892167,,01032009,
0,15,Total,13087797.0,,,,01032015,
0,15,,10176946.0,,,,01032020,Total
0,15,Total,10328774.0,3973.0,2599.741756858797,,01042012,
0,15,,18709482.0,392.6,2583.393130595949,,01042018,Total
0,15,Total,12820480.0,4656.0,2753.539518900344,,01052011,
0,15,,23250570.0,,,,01052016,Total
0,15,,9444587.0,,,,01052022,Total
0,15,Total,16570369.0,3262.0,5079.8188228080935,,01062008,
0,15,Total,16248658.0,4624.0,3513.9831314878893,,01062014,
0,15,Total,21433483.0,3139.0,6828.124561962409,,01072007,
0,15,Total,5702426.0,3938.0,1448.0512950736415,,01072012,
0,15,,6900728.2430949295,365.2,8121.835403986666,,01072018,Total
0,15,Total,22130944.0,3610.0,6130.45540166205,,01082010,
0,15,,10602833.0,,,,01082021,Total
0,15,Total,11430214.0,5852.0,1953.214969241285,,01092013,
0,15,,8683719.0,,,,01092019,Total
0,15,,10430624.673554055,371.26666666666665,1644.1444355774318,,01102017,Total
0,15,Total,13868019.0,4323.0,3207.961832061069,,01112009,
0,15,,47673096.0,,,,01112015,Total
0,15,,1383749.0,,,,01112020,Total
0,15,Total,11839268.0,4880.0,2426.079508196721,,01122013,
0,15,,16421610.0,,,,01122019,Total
0,15,,14541358.0,,,,01122022,Total
0,15,Total,17666560.0,5013.0,3524.149212048673,,02012011,
0,15,,12366704.0,,,,02012022,Total
0,15,Total,10052954.0,5153.0,1950.8934601203184,,02022014,
0,15,,10813352.0,,,,02022020,Total
0,15,Total,7760737.0,4823.0,1609.10989010989,,02032008,
0,15,Total,13097245.0,5581.0,2346.7559577136717,,02032014,
0,15,,15039713.825496305,316.8666666666667,15455.780328795136,,02042017,Total
0,15,Total,13485768.0,4382.0,3077.5371976266547,,02052010,
0,15,Total,12488650.0,4609.0,2709.6224777609027,,02062013,
0,15,,,,,,02062019,Total
0,15,,20053647.307898253,341.26666666666665,2786.908194022857,,02072017,Total
0,15,Total,13024761.0,4120.0,3161.3497572815536,,02082009,
0,15,,14301853.0,,,,02082015,Total
0,15,,531003.0,,,,02082020,Total
0,15,Total,8546082.0,4697.0,1819.4766872471791,,02092007,
0,15,Total,11833033.0,5480.0,2159.312591240876,,02092012,
0,15,,9626208.59794709,426.8666666666667,1643.5883792785742,,02092018,Total
0,15,Total,6153020.0,4727.0,1301.675481277766,,02102011,
0,15,,8938730.0,,,,02102022,Total
0,15,Total,21675999.0,3615.0,5996.126970954357,,02112008,
0,15,Total,11108291.0,5476.0,2028.541088385683,,02112014,
0,15,Total,7352850.0,3991.0,1842.357805061388,,02122007,
0,15,Total,10927258.0,4596.0,2377.558311575283,,02122012,
0,15,,16167941.0,376.8,2376.420759177696,,02122018,Total
0,15,,20370738.0,,,,03012016,Total
0,15,Total,10531908.0,4795.0,2196.4354535974976,,03022008,
0,15,Total,11852302.0,5166.0,2294.289972899729,,03022013,
0,15,,13485322.015550625,,,,03022019,Total
0,15,Total,9092009.0,4900.0,1855.5120408163264,,03032013,
0,15,,9698870.0,,,,03032019,Total
0,15,Total,7151740.0,4508.0,1586.455190771961,,03042011,
0,15,,13845027.0,,,,03042016,Total
0,15,,13015012.0,,,,03042022,Total
0,15,Total,13300003.0,4340.0,3064.5168202764976,,03052009,
0,15,,15444798.0,,,,03052015,Total
0,15,Total,8457608.0,3326.0,2542.8767288033678,,03062007,
0,15,Total,16849764.0,4279.0,3937.780789904183,,03062012,
0,15,,10298074.900524857,342.3333333333333,15974.014574624744,,03062018,Total
0,15,Total,15701271.0,4068.0,3859.702802359882,,03072011,
0,15,,15591699.0,,,,03072016,Total
0,15,,19659412.0,,,,03072022,Total
0,15,Total,16259074.0,4234.0,3840.121398205007,,03082008,
0,15,Total,15481307.0,5051.0,3064.998416155217,,03082014,
0,15,,7191060.4065746,401.1333333333333,1495.021720946762,,03092017,Total
0,15,Total,7547871.0,4414.0,1709.9843679202538,,03102010,
0,15,,28348103.0,,,,03102021,Total
0,15,Total,18185953.0,4758.0,3822.1843211433375,,03112013,
0,15,,13041819.0,,,,03112019,Total
0,15,,10488855.0,371.6666666666667,1937.2244400924128,,03122017,Total
0,15,Total,12717560.0,4458.0,2852.7501121579185,,04012009,
0,15,Total,21414886.0,5713.0,3748.448450901453,,04012015,
0,15,,14520327.60082896,419.4,2290.794625352,,04022018,Total
0,15,Total,11612476.0,4922.0,2359.300284437221,,04032012,
0,15,,12891252.674429404,430.0,1824.18154937757,,04032018,Total
0,15,Total,22338955.0,4390.0,5088.600227790433,,04042010,
0,15,Total,10302673.0,4083.0,2523.309576291942,,04052008,
0,15,Total,7697189.0,5058.0,1521.7850929221036,,04052014,
0,15,,16466623.789219717,328.8666666666667,11778.972394052142,,04062017,Total
0,15,Total,11306279.0,3380.0,3345.0529585798818,,04072010,
0,15,,6302877.0,,,,04072021,Total
0,15,Total,15940751.0,5074.0,3141.653724871896,,04082013,
0,15,,16288136.0,,,,04082019,Total
0,15,Total,11720868.0,4844.0,2419.667217175888,,04092011,
0,15,,12621372.0,404.53333333333336,2217.324710847653,,04092016,Total
0,15,,6803281.0,,,,04092022,Total
0,15,Total,8588747.0,4253.0,2019.4561486009875,,04102009,
0,15,,11891541.0,,,,04102015,Total
0,15,,2425749.0,,,,04102020,Total
0,15,Total,8440837.0,4147.0,2035.408005787316,,04112007,
0,15,Total,23452294.0,4153.0,5647.072959306525,,04112012,
0,15,,15260792.827120475,413.2,1986.868087326916,,04112018,Total
0,15,Total,8913662.0,4325.0,2060.9623121387285,,04122011,
0,15,,11822812.869849838,335.26666666666665,1972.578073684112,,04122016,Total
0,15,,6601373.0,,,,04122022,Total
0,15,Total,19990179.0,5778.0,3459.705607476636,,05012014,
0,15,,22404401.0,,,,05012020,Total
0,15,Total,9520132.0,4954.0,1921.7060960839729,,05022012,
0,15,,14525476.790483495,356.4,2246.2620727060003,,05022017,Total
0,15,,11860606.0,,,,05022023,Total
0,15,,17474367.77331657,392.3333333333333,15469.209064801924,,05032017,Total
0,15,Total,10536732.0,4163.0,2531.0429978380976,,05042009,
0,15,,22569537.0,,,,05042015,Total
0,15,Total,10557173.0,4176.0,2528.0586685823755,,05052013,
0,15,,,,,,05052019,Total
0,15,Total,13568004.0,3409.0,3980.0539747726607,,05062011,
0,15,,15455617.0,,,,05062016,Total
0,15,,14498315.0,,,,05062022,Total
0,15,Total,15731206.0,3858.0,4077.554691550026,,05072009,
0,15,,15915995.0,,,,05072015,Total
0,15,,162117.0,,,,05072020,Total
0,15,Total,10788361.0,3378.0,3193.7125518058024,,05082007,
0,15,Total,18942975.0,3991.0,4746.423202204961,,05082012,
0,15,,16512811.499999983,318.6666666666667,2092.9243855780405,,05082018,Total
0,15,Total,8552467.0,5004.0,1709.1260991207034,,05092010,
0,15,,9444338.0,,,,05092021,Total
0,15,Total,7327178.0,3958.0,1851.232440626579,,05102008,
0,15,Total,11366735.0,4954.0,2294.45599515543,,05102014,
0,15,,15373937.397924423,386.73333333333335,2188.5508478756674,,05112017,Total
0,15,Total,9295844.0,3697.0,2514.4289964836357,,05122010,
0,15,,6707608.0,,,,05122021,Total
0,15,Total,13312536.0,4230.0,3147.1716312056737,,06012008,
0,15,Total,19914855.0,5129.0,3882.794891791773,,06012013,
0,15,,18296326.40444417,422.9333333333333,2466.604730914861,,06012019,Total
0,15,Total,14991634.0,4692.0,3195.1479113384485,,06022011,
0,15,,12477635.0,,,,06022022,Total
0,15,Total,10968743.0,5509.0,1991.0588128516968,,06032011,
0,15,,10134421.0,,,,06032016,Total
0,15,,17993517.0,,,,06032022,Total
0,15,Total,7420297.0,4591.0,1616.2703114789806,,06042008,
0,15,Total,12995680.0,4471.0,2906.660702303735,,06042014,
0,15,Total,19191112.0,4380.0,4381.532420091325,,06052012,
0,15,,13630733.0,302.2,17197.062635723876,,06052018,Total
0,15,Total,8229554.0,4538.0,1813.4759806081972,,06062010,
0,15,,8826686.0,,,,06062021,Total
0,15,Total,20381426.0,3334.0,6113.205158968206,,06072008,
0,15,Total,6100797.0,3861.0,1580.108003108003,,06072014,
0,15,,15606712.00939572,398.53333333333336,2275.205053470667,,06082017,Total
0,15,Total,9399001.0,4638.0,2026.5202673566196,,06092009,
0,15,,3515315.0,,,,06092020,Total
0,15,Total,6964803.0,5248.0,1327.1347179878048,,06102013,
0,15,,19705562.0,,,,06102019,Total
0,15,Total,10229657.0,4815.0,2124.5393561786086,,06112011,
0,15,,12654649.156250292,394.3333333333333,1978.6129222810528,,06112016,Total
0,15,,7140245.0,,,,06112022,Total
0,15,Total,10793218.0,4799.0,2249.0556365909565,,06122009,
0,15,,9778032.0,,,,06122015,Total
0,15,,314053.0,,,,06122020,Total
0,15,,17817566.92282038,389.4,2525.7086540137443,,07012018,Total
0,15,Total,13675885.0,4501.0,3038.4103532548324,,07022010,
0,15,,11141566.0,,,,07022016,Total
0,15,Total,15686720.0,4241.0,3698.825748644188,,07032010,
0,15,Total,8758546.0,5038.0,1738.4966256450973,,07042013,
0,15,,14006411.823944343,,,,07042019,Total
0,15,,11211016.554274146,312.7333333333333,1977.0602758357145,,07052017,Total
0,15,Total,14459557.0,4368.0,3310.338141025641,,07062009,
0,15,,9180675.0,,,,07062015,Total
0,15,Total,10763543.0,3579.0,3007.416317407097,,07072013,
0,15,,25243369.0,,,,07072019,Total
0,15,Total,12875709.0,4443.0,2897.976367319379,,07082011,
0,15,,21489028.0,324.8666666666667,2781.1297921419914,,07082016,Total
0,15,,9068307.0,,,,07082022,Total
0,15,Total,9842807.0,5094.0,1932.2353749509227,,07092008,
0,15,Total,7448083.0,5601.0,1329.7773611855023,,07092014,
0,15,Total,6384284.0,4268.0,1495.8491096532334,,07102007,
0,15,Total,14087879.0,4772.0,2952.1959346186086,,07102012,
0,15,,20346396.894645263,366.6,2791.9838902026668,,07102018,Total
0,15,Total,10403395.0,4928.0,2111.078530844156,,07112010,
0,15,,12682250.0,,,,07112021,Total
0,15,Total,12022381.0,5460.0,2201.901282051282,,07122014,
0,15,Total,12349058.0,4822.0,2560.982579842389,,08012012,
0,15,,18326163.296039656,410.06666666666666,2608.409148735137,,08012017,Total
0,15,,11551741.0,,,,08012023,Total
0,15,Total,9327102.0,4141.0,2252.379135474523,,08022009,
0,15,Total,12259785.0,,,,08022015,
0,15,Total,11598513.0,4814.0,2409.3296634815124,,08032009,
0,15,,9093780.0,,,,08032015,Total
0,15,,10133673.0,,,,08032020,Total
0,15,Total,14401002.0,4272.0,3371.02106741573,,08042012,
0,15,,14279512.0,412.8,1949.9243874436825,,08042018,Total
0,15,Total,10055344.0,4556.0,2207.0553116769097,,08052011,
0,15,,10849151.0,,,,08052016,Total
0,15,,23825949.0,,,,08052022,Total
0,15,Total,8742025.0,3461.0,2525.866801502456,,08062008,
0,15,Total,12802183.0,4767.0,2685.584854206,,08062014,
0,15,Total,12376933.0,3059.0,4046.071592023537,,08072007,
0,15,Total,14635570.0,3422.0,4276.905318527177,,08072012,
0,15,,6206922.597950175,357.6666666666667,8781.838994104,,08072018,Total
0,15,Total,16660490.0,4150.0,4014.5759036144577,,08082010,
0,15,,8956728.0,,,,08082021,Total
0,15,Total,9019164.0,5838.0,1544.9064748201438,,08092013,
0,15,,12623940.0,,,,08092019,Total
0,15,,11837879.5422352,382.8666666666667,1614.705052509333,,08102017,Total
0,15,Total,9765227.0,4293.0,2274.6860004658747,,08112009,
0,15,,18277947.0,,,,08112015,Total
0,15,,19015.0,,,,08112020,Total
0,15,Total,11373755.0,3836.0,2965.0039103232534,,08122008,
0,15,Total,11079378.0,4473.0,2476.9456740442656,,08122013,
0,15,,9871092.0,,,,08122019,Total
0,15,Total,14386745.0,5222.0,2755.025852163922,,09012011,
0,15,,8953023.0,,,,09012022,Total
0,15,Total,12722070.704778008,4934.0,2578.449676687881,,09022014,
0,15,,15766365.0,,,,09022020,Total
0,15,Total,7935548.0,4494.0,1765.809523809524,,09032008,
0,15,Total,11548546.0,5919.0,1951.0974826828856,,09032014,
0,15,,15616869.0,360.8,15580.0,,09042017,Total
0,15,Total,10954404.0,4644.0,2358.829457364341,,09052010,
0,15,Total,8463371.0,4650.0,1820.0797849462365,,09062013,
0,15,,,,,,09062019,Total
0,15,,17904149.582742017,302.4,2463.317473914285,,09072017,Total
0,15,Total,10151349.0,4498.0,2256.85838150289,,09082009,
0,15,,10423053.0,,,,09082015,Total
0,15,,421359.0,,,,09082020,Total
0,15,Total,7513867.0,4572.0,1643.4529746281714,,09092007,
0,15,Total,6858488.0,5331.0,1286.5293565935096,,09092012,
0,15,,10968463.0,401.4666666666666,1817.9062093979776,,09092018,Total
0,15,Total,12232937.0,4393.0,2784.643068518097,,09102011,
0,15,,14979758.0,309.8,2339.378494224091,,09102016,Total
0,15,,7342048.0,,,,09102022,Total
0,15,Total,14120518.0,3720.0,3795.83817204301,,09112008,
0,15,Total,11535279.0,4945.0,2332.71567239636,,09112014,
0,15,Total,10918141.0,3308.0,3300.526299879081,,09122007,
0,15,Total,7914655.0,4829.0,1638.9842617519157,,09122012,
0,15,,10395332.72312859,358.46666666666664,1536.901779388667,,09122018,Total
0,15,Total,15940377.0,4484.0,3554.9458073148976,,132010,
0,15,Total,12916893.0,4309.0,2997.6544441865863,,10012010,
0,15,,15697642.0,,,,10012016,Total
0,15,Total,10744541.0,4317.0,2488.890664813528,,10022008,
0,15,Total,13447138.0,4646.0,2894.347395609126,,10022013,
0,15,,14647757.32902893,,,,10022019,Total
0,15,Total,9178018.0,4690.0,1956.933475479744,,10032013,
0,15,,17816924.71881435,,,,10032019,Total
0,15,Total,5179061.0,3957.0,1308.8352287086177,,10042011,
0,15,,11747480.668243269,,,,10042016,Total
0,15,,11895399.0,,,,10042022,Total
0,15,Total,14646324.0,4246.0,3449.440414507772,,10052009,
0,15,Total,7040083.0,3311.0,2126.27091513138,,10062007,
0,15,Total,12099134.0,4293.0,2818.340088516189,,10062012,
0,15,,19020861.749999985,307.6666666666667,17639.432724609087,,10062018,Total
0,15,Total,10815099.0,3957.0,2733.156178923427,,10072011,
0,15,,16630113.0,,,,10072016,Total
0,15,,20254758.0,,,,10072022,Total
0,15,Total,16006204.0,4620.0,3464.5463203463205,,10082008,
0,15,Total,22137777.0,4917.0,4502.293471629042,,10082014,
0,15,,14795819.687982831,401.6666666666667,2000.832625720436,,10092017,Total
0,15,Total,7564544.0,4919.0,1537.821508436674,,10102010,
0,15,,18550133.0,,,,10102021,Total
0,15,Total,14669138.0,4562.0,3215.505918456817,,10112013,
0,15,,9764957.0,,,,10112019,Total
0,15,,5916798.144317615,340.2,1325.3118421410857,,10122017,Total
0,15,Total,13040856.0,5174.0,2520.459219172787,,11012009,
0,15,Total,19310501.0,5786.0,3337.452644313861,,11012015,
0,15,,15900512.005657544,421.6,2207.127640462999,,11022018,Total
0,15,Total,9155280.0,4754.0,1925.8056373580143,,11032012,
0,15,,10769920.931125095,443.8666666666667,1623.7780986806513,,11032018,Total
0,15,Total,9516015.0,4570.0,2082.2789934354487,,11042010,
0,15,Total,5542187.0,3612.0,1534.3817829457364,,11052008,
0,15,Total,13856641.0,4726.0,2932.001904358866,,11052014,
0,15,,12718666.473918594,398.26666666666665,13364.40583460286,,11062017,Total
0,15,Total,21845097.0,2919.0,7483.760534429599,,11072010,
0,15,,9897441.0,,,,11072021,Total
0,15,Total,16433743.0,5603.0,2933.02570051758,,11082013,
0,15,,13451579.0,,,,11082019,Total
0,15,Total,9604036.0,4926.0,1949.6622005684128,,11092011,
0,15,,8687702.0,358.2,1634.9989835281854,,11092016,Total
0,15,,5700842.0,,,,11092022,Total
0,15,Total,12111298.0,4122.0,2938.209121785541,,11102009,
0,15,,9542786.0,,,,11102015,Total
0,15,,1523057.0,,,,11102020,Total
0,15,Total,8309493.0,3746.0,2218.2309129738387,,11112007,
0,15,Total,15521839.0,4506.0,3444.7046160674654,,11112012,
0,15,,17630016.753796674,418.4,2446.5392438043505,,11112018,Total
0,15,Total,7841919.0,4273.0,1835.2256026211091,,11122011,
0,15,,9155236.60244288,331.06666666666666,1487.885733429323,,11122016,Total
0,15,,4895826.0,,,,11122022,Total
0,15,Total,14566610.0,5390.0,2702.525046382189,,12012014,
0,15,,18747169.0,,,,12012020,Total
0,15,Total,13733303.0,4855.0,2828.6926879505663,,12022012,
0,15,,23188936.0,367.6666666666667,3307.2,,12022017,Total
0,15,,9052649.0,,,,12022023,Total
0,15,,14793295.850832812,320.93333333333334,16434.34665200212,,12032017,Total
0,15,Total,14625014.0,4407.0,3318.587247560699,,12042009,
0,15,,12997964.0,,,,12042015,Total
0,15,Total,14375442.0,3696.0,3889.459415584416,,12052013,
0,15,,9120758.0,,,,12052015,Total
0,15,,12337293.700106671,,,,12052019,Total
0,15,,7891011.0,,,,12062016,Total
0,15,,19135425.0,,,,12062022,Total
0,15,Total,14887224.0,3645.0,4084.286419753086,,12072009,
0,15,,13771890.0,,,,12072015,Total
0,15,,264645.0,,,,12072020,Total
0,15,Total,10148191.0,4021.0,2523.797811489679,,12082007,
0,15,Total,8684362.0,4024.0,2158.141650099404,,12082012,
0,15,,16753946.0,367.8666666666667,2163.351228458667,,12082018,Total
0,15,Total,8126083.0,4880.0,1665.1809426229509,,12092010,
0,15,,6846076.0,,,,12092021,Total
0,15,Total,6249057.0,3837.0,1628.6309616888193,,12102008,
0,15,Total,11815202.112262156,5052.0,2338.7177577716066,,12102014,
0,15,,19181822.235688884,323.93333333333334,5917.628496781999,,12112017,Total
0,15,Total,8272971.0,3690.0,2241.9975609756098,,12122010,
0,15,,5675533.0,,,,12122021,Total
0,15,Total,10308598.0,4615.0,2233.7157096424703,,13012008,
0,15,Total,20820931.0,5223.0,3986.3930691173655,,13012013,
0,15,,14132265.408138204,399.8,2166.843345825913,,13012019,Total
0,15,Total,16014953.0,4946.0,3237.960574201375,,13022011,
0,15,,14064443.0,,,,13022022,Total
0,15,Total,9567583.0,5254.0,1821.009326227636,,13032011,
0,15,,10134421.0,,,,13032016,Total
0,15,,12064503.0,,,,13032022,Total
0,15,Total,7380450.0,4469.0,1651.476840456478,,13042008,
0,15,Total,9290504.0,4778.0,1944.43365424864,,13042014,
0,15,Total,11505017.0,4497.0,2558.37602846342,,13052012,
0,15,,11983986.924321055,331.1333333333333,17019.779085498412,,13052018,Total
0,15,Total,5932461.0,4550.0,1303.8375824175823,,13062010,
0,15,,4918201.0,,,,13062021,Total
0,15,Total,16863245.0,3531.0,4775.770320022656,,13072008,
0,15,Total,23297335.0,4040.0,5766.667079207921,,13072014,
0,15,,11709580.324384116,436.0,1686.6168940040002,,13082017,Total
0,15,Total,6711252.0,4725.0,1420.3707936507938,,13092009,
0,15,,12140533.0,,,,13092015,Total
0,15,,2710293.0,,,,13092020,Total
0,15,Total,5813535.0,4560.0,1274.8980263157894,,13102013,
0,15,,17374255.0,,,,13102019,Total
0,15,Total,10706772.0,4657.0,2299.0706463388447,,13112011,
0,15,,11788459.885562908,392.53333333333336,1761.5266765908605,,13112016,Total
0,15,,15710950.0,,,,13112022,Total
0,15,Total,7205408.0,4632.0,1555.5716753022452,,13122009,
0,15,,6322819.0,,,,13122015,Total
0,15,,637466.0,,,,13122020,Total
0,15,,17604339.72692327,404.6666666666667,3225.3633811793484,,14012018,Total
0,15,Total,16931733.0,4674.0,3622.53594351733,,14022010,
0,15,,26201085.0,,,,14022016,Total
0,15,Total,14765270.0,4253.0,3471.7305431460145,,14032010,
0,15,Total,11715342.0,5014.0,2336.5261268448344,,14042013,
0,15,,11788225.0,,,,14042019,Total
0,15,,11580199.923556132,322.6,1849.2760235328603,,14052017,Total
0,15,Total,9269269.0,4486.0,2066.2659384752565,,14062009,
0,15,,24436481.0,,,,14062015,Total
0,15,Total,10553737.0,3741.0,2821.100507885592,,14072013,
0,15,,13778781.0,,,,14072019,Total
0,15,Total,16919457.0,4980.0,3397.481325301205,,14082011,
0,15,,14218845.0,378.3333333333333,2230.436337417386,,14082016,Total
0,15,,6766056.0,,,,14082022,Total
0,15,Total,8403110.0,4715.0,1782.2078472958642,,14092008,
0,15,Total,7704015.0,5384.0,1430.909175334324,,14092014,
0,15,Total,9479328.0,3740.0,2534.579679144385,,14102007,
0,15,Total,9767559.0,4073.0,2398.123987232998,,14102012,
0,15,,17699093.0,382.9333333333333,2489.4865114021286,,14102018,Total
0,15,Total,8695164.0,5091.0,1707.9481437831466,,14112010,
0,15,,9071259.0,,,,14112021,Total
0,15,Total,8928753.0,3696.0,2415.7881493506493,,14122008,
0,15,Total,17732604.0,5302.0,3344.512259524708,,14122014,
0,15,Total,13418954.0,4685.0,2864.237780149413,,15012012,
0,15,,15657890.952232163,423.6,2305.688705621466,,15012017,Total
0,15,,13037574.0,,,,15012023,Total
0,15,Total,17596805.0,4410.0,3990.205215419501,,15022009,
0,15,Total,22730660.0,,,,15022015,
0,15,Total,10366716.0,4230.0,2450.7602836879432,,15032009,
0,15,,6539626.0,,,,15032015,Total
0,15,,5623810.0,,,,15032020,Total
0,15,Total,13212521.0,4646.0,2843.8486870426173,,15042012,
0,15,,13987039.971171962,408.9333333333333,17108.833820605105,,15042018,Total
0,15,Total,7996275.0,4473.0,1787.6760563380285,,15052011,
0,15,,9431710.0,,,,15052016,Total
0,15,,10104669.0,,,,15052022,Total
0,15,Total,10303287.0,3622.0,2844.640254003313,,15062008,
0,15,Total,7182659.0,4903.0,1464.9518662043647,,15062014,
0,15,Total,22256829.0,2741.0,8119.966800437796,,15072007,
0,15,Total,18628856.0,3599.0,5176.120033342595,,15072012,
0,15,,14533762.717725713,322.53333333333336,1851.0070931160724,,15072018,Total
0,15,Total,13116132.0,4870.0,2693.250924024641,,15082010,
0,15,,9391862.0,,,,15082021,Total
0,15,Total,11585516.0,5834.0,1985.8615015426808,,15092013,
0,15,,12591339.0,,,,15092019,Total
0,15,,12926796.877580162,374.6,2122.9257135520006,,15102017,Total
0,15,Total,14460907.0,4334.0,3336.619058606368,,15112009,
0,15,,15322694.0,,,,15112015,Total
0,15,,28254.0,,,,15112020,Total
0,15,Total,16998253.0,4199.0,4048.1669445105977,,15122013,
0,15,,16580220.0,,,,15122019,Total
0,15,Total,13750035.0,4892.0,2810.7185200327062,,16012011,
0,15,,8718340.0,,,,16012022,Total
0,15,Total,18964328.06,5374.0,3528.903621138817,,16022014,
0,15,,17380220.0,,,,16022020,Total
0,15,Total,6886410.0,3611.0,1907.0645250623097,,16032008,
0,15,,24194226.0,331.6666666666667,17462.541218095335,,16042017,Total
0,15,Total,11053246.0,4526.0,2442.166593018117,,16052010,
0,15,Total,16937869.0,4139.0,4092.2611741966657,,16062013,
0,15,,12076125.45774059,,,,16062019,Total
0,15,,19411130.713950884,308.26666666666665,2624.002377237047,,16072017,Total
0,15,Total,9387122.0,4943.0,1899.07384179648,,16082009,
0,15,,12309101.0,,,,16082015,Total
0,15,,897528.0,,,,16082020,Total
0,15,Total,7980085.0,4707.0,1695.3654132143615,,16092007,
0,15,Total,8665801.0,4710.0,1839.872823779193,,16092012,
0,15,Total,10605738.0,4194.0,2528.788268955651,,16102011,
0,15,,15348938.933282277,362.06666666666666,2173.827402305919,,16102016,Total
0,15,,9979513.0,,,,16102022,Total
0,15,Total,10550508.0,4204.0,2509.6355851569933,,16112008,
0,15,Total,12611279.0,5212.0,2419.662125863392,,16112014,
0,15,Total,10334013.0,3491.0,2960.18705242051,,16122007,
0,15,Total,16817018.0,4532.0,3710.727714033539,,16122012,
0,15,,15323275.630856518,392.0,2503.53435096072,,16122018,Total
0,15,Total,15712533.0,4434.0,3543.64749661705,,17012010,
0,15,,16457817.0,,,,17012016,Total
0,15,Total,11269578.0,4522.0,2492.1667403803626,,17022008,
0,15,Total,15808891.0,4971.0,3180.2234962784146,,17022013,
0,15,,12254264.0,,,,17022019,Total
0,15,Total,6439830.0,4414.0,1458.9555958314454,,17032013,
0,15,,11970307.91402358,,,,17032019,Total
0,15,Total,8400964.0,4355.0,1929.0388059701493,,17042011,
0,15,,16587620.0,,,,17042016,Total
0,15,,11878811.0,,,,17042022,Total
0,15,Total,15662552.0,4186.0,3741.6512183468703,,17052009,
0,15,,13975800.0,,,,17052015,Total
0,15,Total,10091875.0,3334.0,3026.9571085782845,,17062007,
0,15,Total,8775666.0,4567.0,1921.5384278519816,,17062012,
0,15,,13774136.28324848,338.53333333333336,13248.91235345472,,17062018,Total
0,15,Total,29582087.0,3166.0,9343.678774478838,,17072011,
0,15,,16502377.0,365.4285714285714,2301.8571428571427,,17072016,Total
0,15,,9832119.0,,,,17072022,Total
0,15,Total,11473593.0,4603.0,2492.633717140995,,17082008,
0,15,Total,12326847.0,4907.0,2512.094355003057,,17082014,
0,15,,12129887.39815301,396.1333333333333,1608.3841380323954,,17092017,Total
0,15,,10408301.61332932,400.73333333333335,1543.007392199453,,17092018,Total
0,15,Total,10544637.0,4564.0,2310.393733567046,,17102010,
0,15,,19288520.0,,,,17102021,Total
0,15,Total,12414882.0,4840.0,2565.05826446281,,17112013,
0,15,,9589810.0,,,,17112019,Total
0,15,,31884751.80534224,271.6666666666667,3585.392093112669,,17122017,Total
0,15,Total,14330840.0,5170.0,2771.9226305609286,,18012009,
0,15,Total,15844000.0,5786.0,3337.452644313861,,18012015,
0,15,,30212869.209397115,403.6666666666667,3839.857947356,,18022018,Total
0,15,Total,9721040.0,4763.0,2040.9489817342007,,18032012,
0,15,,16618994.0,376.3333333333333,3329.02032943927,,18032018,Total
0,15,Total,9831910.0,4796.0,2050.0229357798166,,18042010,
0,15,Total,6166963.0,3646.0,1691.4325287986835,,18052008,
0,15,Total,9830971.0,4516.0,2176.9200620017714,,18052014,
0,15,,6036232.6986733405,341.3333333333333,1213.732836129382,,18062017,Total
0,15,Total,15260710.0,2767.0,5515.254788579689,,18072010,
0,15,,5819209.0,,,,18072021,Total
0,15,Total,13999033.0,5890.0,2376.7458404074705,,18082013,
0,15,,16953990.0,,,,18082019,Total
0,15,Total,9386355.0,5088.0,1844.8024764150944,,18092011,
0,15,,14213204.509225722,347.0,2513.158826829105,,18092016,Total
0,15,,3968767.0,,,,18092022,Total
0,15,Total,10988673.0,3968.0,2769.3228326612902,,18102009,
0,15,,18221476.0,,,,18102015,Total
0,15,,986037.0,,,,18102020,Total
0,15,Total,9344258.0,4110.0,2273.542092457421,,18112007,
0,15,Total,25596816.0,3543.0,7224.616426756986,,18112012,
0,15,,23084368.30594828,356.2,2892.4931314046667,,18112018,Total
0,15,Total,11125174.0,4489.0,2478.319002004901,,18122011,
0,15,Pitbull: Niebezpieczne Kobiety,22189546.9535865,288.1333333333333,2602.2441872489585,,18122016,
0,15,,14096420.0,,,,18122022,Total
0,15,Total,16220271.50908758,5711.0,2840.1806179456453,,19012014,
0,15,,18118329.0,,,,19012020,Total
0,15,Total,15164954.0,5096.0,2975.8543956043954,,19022012,
0,15,,19727847.325409405,352.93333333333334,28287.1013434881,,19022017,Total
0,15,,15454507.0,,,,19022023,Total
0,15,,28414827.178269327,320.93333333333334,11929.199330165367,,19032017,Total
0,15,Total,10109510.0,4629.0,2183.951177360121,,19042009,
0,15,,8165975.0,,,,19042015,Total
0,15,Total,18715231.0,3607.0,5188.586359855836,,19052013,
0,15,,,,,,19052019,Total
0,15,,9314492.0,,,,19062016,Total
0,15,,14508458.0,,,,19062022,Total
0,15,Total,27754498.0,3507.0,7914.028514399772,,19072009,
0,15,,14024935.0,,,,19072015,Total
0,15,,241931.0,,,,19072020,Total
0,15,Total,14913624.0,4452.0,3349.870619946092,,19082007,
0,15,Total,17839678.0,4862.0,3669.205676676265,,19082012,
0,15,,16447408.412942003,413.6666666666667,68607.71738885134,,19082018,Total
0,15,Total,7064890.0,4819.0,1466.0489728159368,,19092010,
0,15,,5133255.0,,,,19092021,Total
0,15,Total,8071111.0,4182.0,1929.9643711142996,,19102008,
0,15,Total,13675549.759835904,4938.0,2769.45114617981,,19102014,
0,15,,19041525.0,294.7333333333333,2564.117547823334,,19112017,Total
0,15,Total,6829114.0,4071.0,1677.502824858757,,19122010,
0,15,,34709243.0,,,,19122021,Total
0,15,Total,10353600.0,4840.0,2139.1735537190084,,20012008,
0,15,Total,13234909.0,5478.0,2416.0111354508945,,20012013,
0,15,,14732475.641095754,424.8,2106.1324602238005,,20012019,Total
0,15,Total,18675566.0,5185.0,3601.84493731919,,20022011,
0,15,,12029633.0,,,,20022022,Total
0,15,Total,7113582.0,4694.0,1515.4627183638688,,20032011,
0,15,,8512241.0,,,,20032016,Total
0,15,,7309262.0,,,,20032022,Total
0,15,Total,6890054.0,4597.0,1498.815314335436,,20042008,
0,15,Total,14947026.0,4834.0,3092.061646669425,,20042014,
0,15,Total,12646338.0,4434.0,2852.128552097429,,20052012,
0,15,,17319634.404654376,303.4,17220.342125549334,,20052018,Total
0,15,Total,4627830.0,4471.0,1035.077163945426,,20062010,
0,15,,7096490.0,,,,20062021,Total
0,15,Total,15169860.0,3945.0,3845.338403041825,,20072008,
0,15,Total,16753047.0,5137.0,3261.2511193303485,,20072014,
0,15,,10854886.217575232,457.0,1574.9453284390734,,20082017,Total
0,15,Total,6557680.0,4412.0,1486.328195829556,,20092009,
0,15,,9920104.0,,,,20092015,Total
0,15,,2536405.0,,,,20092020,Total
0,15,Total,11469217.0,4378.0,2619.738921882138,,20102013,
0,15,,14983948.0,,,,20102019,Total
0,15,Total,20435974.0,4175.0,4894.844071856287,,20112011,
0,15,,21994681.95349185,338.6666666666667,2699.9941631596635,,20112016,Total
0,15,,9950351.0,,,,20112022,Total
0,15,,38845378.0,,,,20122015,Total
0,15,,1202824.0,,,,20122020,Total
0,15,,21074577.975306284,433.3333333333333,2749.5677269546663,,21012018,Total
0,15,Total,13669638.0,4623.0,2956.8760545100586,,21022010,
0,15,,17272393.0,,,,21022016,Total
0,15,Total,13204181.0,4532.0,2913.5439099735217,,21032010,
0,15,Total,8083198.0,4730.0,1708.921353065539,,21042013,
0,15,,5833854.0,,,,21042019,Total
0,15,,9126395.816492869,338.0,1386.4245637457138,,21052017,Total
0,15,Total,13975726.0,4354.0,3209.858980248048,,21062009,
0,15,,16540822.0,,,,21062015,Total
0,15,Total,9948826.0,3646.0,2728.6961053209,,21072013,
0,15,,24547235.0,,,,21072019,Total
0,15,Total,22966976.0,4980.0,4611.842570281125,,21082011,
0,15,,14612392.0,438.6,1971.168844437532,,21082016,Total
0,15,,7485264.0,,,,21082022,Total
0,15,Total,7222758.0,4575.0,1578.744918032787,,21092008,
0,15,Total,7237063.0,4983.0,1452.3505920128437,,21092014,
0,15,Total,8272928.0,3871.0,2137.1552570395247,,21102007,
0,15,Total,15208369.0,4408.0,3450.1744555353903,,21102012,
0,15,,15001546.406902216,405.1333333333333,2171.48835619,,21102018,Total
0,15,Total,22425038.0,3772.0,5945.132025450689,,21112010,
0,15,,9482217.0,,,,21112021,Total
0,15,Total,8642215.0,3943.0,2191.7867106264266,,21122008,
0,15,Total,13925548.0,4394.0,3169.2189349112427,,21122009,
0,15,Total,15709138.0,5422.0,2897.2958317963853,,21122014,
0,15,Total,12721317.0,5108.0,2490.469263899765,,22012012,
0,15,,13957143.739525346,368.4666666666666,2175.6185572905733,,22012017,Total
0,15,,8804251.0,,,,22012023,Total
0,15,Total,13733509.0,4437.0,3095.2240252422807,,22022009,
0,15,Total,15483700.0,,,,22022015,
0,15,Total,7724653.0,4523.0,1707.860490824674,,22032009,
0,15,,12406593.0,,,,22032015,Total
0,15,Total,8855228.0,4847.0,1826.9502785227976,,22042012,
0,15,,6275564.161251461,397.9333333333333,16116.713198732,,22042018,Total
0,15,Total,15199561.0,3999.0,3800.8404601150287,,22052011,
0,15,Mustang,14530997.0,,,,22052016,
0,15,,6676874.0,,,,22052022,Total
0,15,Total,8299191.0,3623.0,2290.695832183273,,22062008,
0,15,Total,8567045.0,5217.0,1642.1401188422465,,22062014,
0,15,Total,12124734.0,2815.0,4307.187921847247,,22072007,
0,15,Total,18893585.0,3243.0,5825.958988590811,,22072012,
0,15,,19904674.270155843,281.3333333333333,4834.169372133226,,22072018,Total
0,15,Total,15486660.0,5466.0,2833.271130625686,,22082010,
0,15,,8310440.0,,,,22082021,Total
0,15,Total,7472299.0,5616.0,1330.5375712250711,,22092013,
0,15,,11362711.0,,,,22092019,Total
0,15,,10791855.479310123,332.3333333333333,2668.743683027767,,22102017,Total
0,15,Total,20856888.0,3850.0,5417.373506493506,,22112009,
0,15,,19186680.0,,,,22112015,Total
0,15,,22008.0,,,,22112020,Total
0,15,Total,18254533.0,4277.0,4268.069441197101,,22122013,
0,15,,31052049.0,,,,22122019,Total
0,15,Total,13966503.0,4909.0,2845.0810755754737,,23012011,
0,15,,8409847.0,,,,23012022,Total
0,15,Total,14713550.53609844,5803.0,2535.5075885056763,,23022014,
0,15,,15065064.0,,,,23022020,Total
0,15,Total,13379090.0,3890.0,3439.3547557840616,,23032008,
0,15,Total,6910698.0,5284.0,1307.8535200605602,,23032014,
0,15,,10180073.449608916,338.4,14978.127577154664,,23042017,Total
0,15,Total,7291947.0,4154.0,1755.403707270101,,23052010,
0,15,,9051054.0,,,,23052021,Total
0,15,Total,12266862.0,4001.0,3065.9490127468134,,23062013,
0,15,,18892343.31953379,,,,23062019,Total
0,15,,22312607.07198468,342.3333333333333,2958.965224488572,,23072017,Total
0,15,Total,9259255.0,5414.0,1710.2428888067973,,23082009,
0,15,,10619162.0,,,,23082015,Total
0,15,,992058.0,,,,23082020,Total
0,15,Total,7039973.0,4663.0,1509.7518764743727,,23092007,
0,15,Total,7404794.0,4865.0,1522.0542651593012,,23092012,
0,15,,12020242.599193895,406.26666666666665,1854.3623513293333,,23092018,Total
0,15,Total,12012651.0,4803.0,2501.0724547158025,,23102011,
0,15,,16112800.943810282,392.8,2344.0979938584032,,23102016,Total
0,15,,12539985.0,,,,23102022,Total
0,15,Total,7926519.0,4104.0,1931.4130116959063,,23112008,
0,15,Total,20240086.0,4380.0,4621.024200913242,,23112014,
0,15,Total,11145716.0,3868.0,2881.519131334023,,23122007,
0,15,Total,15056352.0,4617.0,3261.0682261208576,,23122012,
0,15,,17233188.34312521,381.6666666666667,2234.379734997145,,23122018,Total
0,15,Total,14409926.0,4384.0,3286.9356751824816,,24012010,
0,15,,14703718.0,,,,24012016,Total
0,15,Total,9652645.0,4533.0,2129.4165012133244,,24022008,
0,15,Total,11567081.0,5224.0,2214.219180704441,,24022013,
0,15,,10117780.707149075,,,,24022019,Total
0,15,Total,11523207.0,4020.0,2866.469402985075,,24032013,
0,15,,10245418.702296209,,,,24032019,Total
0,15,Total,10475246.0,4615.0,2269.825785482124,,24042011,
0,15,,13183265.0,,,,24042016,Total
0,15,,7844017.0,,,,24042022,Total
0,15,Total,10684430.0,4184.0,2553.640057361377,,24052009,
0,15,,10845744.0,,,,24052015,Total
0,15,Total,6241010.0,3116.0,2002.8915275994864,,24062007,
0,15,Total,7481622.0,4825.0,1550.5952331606218,,24062012,
0,15,,10379251.380207624,335.1333333333333,9911.213538062571,,24062018,Total
0,15,Total,17171225.0,3322.0,5168.941902468393,,24072011,
0,15,,17728126.0,394.6428571428572,2482.428571428572,,24072016,Total
0,15,,11634976.0,,,,24072022,Total
0,15,Total,11292137.0,4721.0,2391.8951493327686,,24082008,
0,15,Total,12487429.0,5733.0,2178.1665794522937,,24082014,
0,15,,14933878.997564984,377.6666666666667,1954.754114983936,,24092017,Total
0,15,Total,12887058.0,4635.0,2780.3792880258898,,24102010,
0,15,,17817941.0,,,,24102021,Total
0,15,Total,20579995.0,5228.0,3936.494835501148,,24112013,
0,15,,22419883.0,,,,24112019,Total
0,15,,29869446.0,307.4,3973.3268592946665,,24122017,Total
0,15,Total,13405995.0,4889.0,2742.073021067703,,25012009,
0,15,Total,12225706.0,,,,25012015,
0,15,,17281740.454503573,421.73333333333335,2578.7947869126883,,25022018,Total
0,15,Total,9623378.0,4202.0,2290.1899095668728,,25032012,
0,15,,12306388.491011389,352.1333333333333,24958.698558074782,,25032018,Total
0,15,Total,7147096.0,4822.0,1482.184985483202,,25042010,
0,15,Total,15277312.0,3485.0,4383.733715925395,,25052008,
0,15,Total,16521299.0,4696.0,3518.1641822827937,,25052014,
0,15,,10094296.37412457,378.4666666666666,1559.176588994285,,25062017,Total
0,15,Total,29194026.0,3249.0,8985.542012927055,,25072010,
0,15,,6342060.0,,,,25072021,Total
0,15,Total,12429308.0,6106.0,2035.5892564690469,,25082013,
0,15,,9578946.0,,,,25082019,Total
0,15,Total,8460953.0,4949.0,1709.6288139017984,,25092011,
0,15,,12369353.356880251,349.46666666666664,1822.692556790619,,25092016,Total
0,15,,8908405.0,,,,25092022,Total
0,15,Total,10802508.0,4490.0,2405.9037861915367,,25102009,
0,15,,11613071.0,,,,25102015,Total
0,15,,1458146.0,,,,25102020,Total
0,15,Total,7275424.0,3860.0,1884.8248704663213,,25112007,
0,15,Total,15231367.0,4200.0,3626.515952380953,,25112012,
0,15,,15664479.782182688,368.73333333333335,2116.295092861931,,25112018,Total
0,15,Total,7332826.0,4396.0,1668.0677888989992,,25122011,
0,15,,12604734.0,324.8,1747.072396217333,,25122016,Total
0,15,,8140246.0,,,,25122022,Total
0,15,Total,13313120.0,5187.0,2566.6319645267013,,26012014,
0,15,,15525725.0,,,,26012020,Total
0,15,Total,11583975.0,4851.0,2387.95609152752,,26022012,
0,15,,12950304.18541514,402.4,1950.1272708445117,,26022017,Total
0,15,,9252607.0,,,,26022023,Total
0,15,,19228769.794445217,324.53333333333336,15879.944349175332,,26032017,Total
0,15,Total,7548415.0,4497.0,1678.544585279075,,26042009,
0,15,,23019699.0,,,,26042015,Total
0,15,Total,17659410.0,4178.0,4226.761608425084,,26052013,
0,15,,,,,,26052019,Total
0,15,,18234922.0,,,,26062016,Total
0,15,,15141239.0,,,,26062022,Total
0,15,Total,13828608.0,3713.0,3724.375976299488,,26072009,
0,15,,14024935.0,,,,26072015,Total
0,15,,313332.0,,,,26072020,Total
0,15,Total,8340312.0,4444.0,1876.7578757875788,,26082007,
0,15,Total,11651972.0,5213.0,2235.175906387876,,26082012,
0,15,,14836091.0,415.3333333333333,32712.980128660525,,26082018,Total
0,15,Total,7422823.0,4579.0,1621.0576545097183,,26092010,
0,15,,5097724.0,,,,26092021,Total
0,15,Total,16398748.0,4202.0,3902.605425987625,,26102008,
0,15,Total,11614560.523943812,5097.0,2278.70522345376,,26102014,
0,15,,17623557.333170995,366.4666666666666,2417.029842492239,,26112017,Total
0,15,Total,6159633.0,4410.0,1396.7421768707484,,26122010,
0,15,,8643614.0,,,,26122021,Total
0,15,Total,11447857.0,4908.0,2332.489201303993,,27012008,
0,15,Total,15212124.0,5453.0,2789.679809279296,,27012013,
0,15,,12637086.788182303,452.3333333333333,1910.5721878231927,,27012019,Total
0,15,Total,16327468.0,5863.0,2784.831656148729,,27022011,
0,15,,10915686.0,,,,27022022,Total
0,15,Total,8184150.0,4917.0,1664.4600366076877,,27032011,
0,15,,25142914.0,,,,27032016,Total
0,15,,4611250.0,,,,27032022,Total
0,15,Total,6443026.0,4396.0,1465.6565059144675,,27042008,
0,15,Total,11259438.0,4782.0,2354.5457967377665,,27042014,
0,15,Total,6936602.0,4215.0,1645.6944246737842,,27052012,
0,15,,13533108.0,316.1333333333333,16837.796977490416,,27052018,Total
0,15,Total,3460985.0,4409.0,784.9818552959855,,27062010,
0,15,,10096843.0,,,,27062021,Total
0,15,Total,19125742.0,4071.0,4698.045197740113,,27072008,
0,15,Total,10286105.0,5039.0,2041.2988688231792,,27072014,
0,15,,7659543.0,430.6,1274.91698524,,27082017,Total
0,15,Total,7767907.0,4618.0,1682.0933304460805,,27092009,
0,15,,7700100.0,,,,27092015,Total
0,15,,2011903.0,,,,27092020,Total
0,15,Total,13137663.0,4758.0,2761.173392181589,,27102013,
0,15,,15310933.0,,,,27102019,Total
0,15,Total,11239396.0,4040.0,2782.028712871287,,27112011,
0,15,,14925917.763063865,332.8,2330.1285834687465,,27112016,Total
0,15,,9792881.0,,,,27112022,Total
0,15,,17839375.0,,,,27122015,Total
0,15,,94160.0,,,,27122020,Total
0,15,,19686389.214810085,428.0,2990.7554251545284,,28012018,Total
0,15,Total,10443413.0,4921.0,2122.2135744767324,,28022010,
0,15,,10212505.0,,,,28022016,Total
0,15,Total,10672470.0,4103.0,2601.138191567146,,28032010,
0,15,Total,17661075.0,4010.0,4404.2581047381545,,28042013,
0,15,,47289639.637877785,,,,28042019,Total
0,15,,10030322.0,327.46666666666664,9533.31483764258,,28052017,Total
0,15,Total,10182749.0,4044.0,2517.9893669634025,,28062009,
0,15,,20204669.0,,,,28062015,Total
0,15,Total,13767297.0,3954.0,3481.865705614568,,28072013,
0,15,,19691946.0,,,,28072019,Total
0,15,Total,16691759.0,4980.0,3351.7588353413653,,28082011,
0,15,,10649953.0,435.6,1691.7136690783848,,28082016,Total
0,15,,6275295.0,,,,28082022,Total
0,15,Total,6929958.0,4186.0,1655.5083612040137,,28092008,
0,15,Total,8850572.0,4983.0,1776.153321292394,,28092014,
0,15,Total,11339024.0,4044.0,2803.9129574678536,,28102007,
0,15,Total,26851814.0,4176.0,6430.032088122605,,28102012,
0,15,,21116109.912876382,439.4666666666666,2509.814755477405,,28102018,Total
0,15,Total,12676084.0,3568.0,3552.714125560538,,28112010,
0,15,,9007348.0,,,,28112021,Total
0,15,Total,17195868.0,5672.0,3031.7115655853318,,28122014,
0,15,Total,11543570.0,5177.0,2229.7797952482133,,29012012,
0,15,,27010247.42327966,374.06666666666666,4025.4142980838888,,29012017,Total
0,15,,10406421.0,,,,29012023,Total
0,15,Total,9219432.0,4196.0,2197.1954242135366,,29032009,
0,15,,13485876.0,,,,29032015,Total
0,15,Total,21058206.0,4379.0,4808.907513130852,,29042012,
0,15,,34537853.547069624,334.6666666666667,19009.33139777608,,29042018,Total
0,15,Total,18544908.0,3932.0,4716.405900305188,,29052011,
0,15,,9245411.0,,,,29052016,Total
0,15,,19481973.0,,,,29052022,Total
0,15,Total,11430217.0,3442.0,3320.806798373039,,29062008,
0,15,Total,11054081.0,4429.0,2495.8412734251524,,29062014,
0,15,Total,28155145.0,3068.0,9177.03552803129,,29072007,
0,15,Total,12304477.0,3297.0,3732.022141340613,,29072012,
0,15,,25962560.249952048,339.8,3219.9595263023525,,29072018,Total
0,15,Total,12403661.0,5452.0,2275.066214233309,,29082010,
0,15,,6075708.0,,,,29082021,Total
0,15,Total,7595465.0,5525.0,1374.7447963800903,,29092013,
0,15,,10099263.0,,,,29092019,Total
0,15,,19866496.29359892,352.8666666666667,3222.365721871536,,29102017,Total
0,15,Total,15754370.0,4134.0,3810.926463473633,,29112009,
0,15,,15077056.0,,,,29112015,Total
0,15,,17233.0,,,,29112020,Total
0,15,Total,19079490.0,4832.0,3948.5699503311257,,29122013,
0,15,,24103229.0,,,,29122019,Total
0,15,Total,16523093.0,4602.0,3590.415688830943,,30012011,
0,15,,13092150.0,,,,30012022,Total
0,15,Total,8886186.0,4183.0,2124.3571599330626,,30032008,
0,15,Total,11322768.241485717,4622.0,2449.755136626074,,30032014,
0,15,,19298756.0,330.26666666666665,16484.356369685334,,30042017,Total
0,15,Total,14159695.0,4288.0,3302.167677238806,,30052010,
0,15,,7844939.0,,,,30052021,Total
0,15,Total,22356393.0,3697.0,6047.17149039762,,30062013,
0,15,,14036069.0,,,,30062019,Total
0,15,,20760188.36111576,366.73333333333335,2902.0844294752624,,30072017,Total
0,15,Total,10126451.0,4950.0,2045.7476767676767,,30082009,
0,15,,10619162.0,,,,30082015,Total
0,15,,6164221.0,,,,30082020,Total
0,15,Total,6679836.0,4321.0,1545.9004859986114,,30092007,
0,15,Total,8525704.0,4805.0,1774.3400624349636,,30092012,
0,15,,8395143.286135405,396.4,1428.7999525853782,,30092018,Total
0,15,Total,16722457.0,4783.0,3496.2276813715243,,30102011,
0,15,,19501970.601491354,388.3333333333333,2699.779713174391,,30102016,Total
0,15,,10795235.0,,,,30102022,Total
0,15,Total,7135088.0,3893.0,1832.799383508862,,30112008,
0,15,Total,15592638.0,4279.0,3643.9911194204255,,30112014,
0,15,Total,21799543.0,4127.0,5282.176641628302,,30122007,
0,15,Total,20994903.0,4843.0,4335.102828825108,,30122012,
0,15,,21741667.178342868,373.8666666666667,2915.2620581269653,,30122018,Total
0,15,Total,12483325.0,4357.0,2865.11934817535,,31012010,
0,15,,12701121.0,,,,31012015,Total
0,15,Total,12950942.0,4720.0,2743.8436440677965,,31032013,
0,15,,11809710.25907552,,,,31032019,Total
0,15,Total,7459950.0,4448.0,1677.1470323741007,,31052009,
0,15,,10845744.0,,,,31052015,Total
0,15,Total,14891118.0,4460.0,3338.8156950672646,,31072011,
0,15,,23794511.0,,,,31072016,Total
0,15,,11304861.0,,,,31072022,Total
0,15,Total,9650485.0,5092.0,1895.224862529458,,31082008,
0,15,Total,10186076.0,5623.0,1811.5020451716168,,31082014,
0,15,Total,13509273.0,4830.0,2796.9509316770186,,31102010,
0,15,,15575227.0,,,,31102021,Total
0,15,,24788339.0,320.6,3709.823088342,,31122017,Total
